<?xml version="1.0" encoding="UTF-8"?>
<GenRun Id="synth_1" LaunchPart="xc7a35ticpg236-1L" LaunchTime="1710051329" LaunchIncrCheckpoint="$PSRCDIR/utils_1/imports/synth_1/OTTER_Wrapper.dcp">
  <File Type="PA-TCL" Name="OTTER_Wrapper.tcl"/>
  <File Type="REPORTS-TCL" Name="OTTER_Wrapper_reports.tcl"/>
  <File Type="RDS-RDS" Name="OTTER_Wrapper.vds"/>
  <File Type="RDS-DCP" Name="OTTER_Wrapper.dcp"/>
  <FileSet Name="sources" Type="DesignSrcs" RelSrcDir="$PSRCDIR/sources_1" RelGenDir="$PGENDIR/sources_1">
    <Filter Type="Srcs"/>
    <File Path="$PSRCDIR/sources_1/imports/Hardware/OTTER_MCU/OTTER_MCU.srcs/sources_1/imports/Hardware/ALU/ALU.srcs/sources_1/new/ALU.sv">
      <FileInfo>
        <Attr Name="ImportPath" Val="$PPRDIR/../../OneDrive - Cal Poly/Desktop/DATA/CPE233/Hardware/OTTER_MCU/OTTER_MCU.srcs/sources_1/imports/Hardware/ALU/ALU.srcs/sources_1/new/ALU.sv"/>
        <Attr Name="ImportTime" Val="1708644236"/>
        <Attr Name="UsedIn" Val="synthesis"/>
        <Attr Name="UsedIn" Val="implementation"/>
        <Attr Name="UsedIn" Val="simulation"/>
      </FileInfo>
    </File>
    <File Path="$PSRCDIR/sources_1/imports/Hardware/OTTER_MCU/OTTER_MCU.srcs/sources_1/new/ALU_MUX_A.sv">
      <FileInfo>
        <Attr Name="ImportPath" Val="$PPRDIR/../../OneDrive - Cal Poly/Desktop/DATA/CPE233/Hardware/OTTER_MCU/OTTER_MCU.srcs/sources_1/new/ALU_MUX_A.sv"/>
        <Attr Name="ImportTime" Val="1708581991"/>
        <Attr Name="UsedIn" Val="synthesis"/>
        <Attr Name="UsedIn" Val="implementation"/>
        <Attr Name="UsedIn" Val="simulation"/>
      </FileInfo>
    </File>
    <File Path="$PSRCDIR/sources_1/imports/Hardware/OTTER_MCU/OTTER_MCU.srcs/sources_1/new/ALU_MUX_B.sv">
      <FileInfo>
        <Attr Name="ImportPath" Val="$PPRDIR/../../OneDrive - Cal Poly/Desktop/DATA/CPE233/Hardware/OTTER_MCU/OTTER_MCU.srcs/sources_1/new/ALU_MUX_B.sv"/>
        <Attr Name="ImportTime" Val="1708579967"/>
        <Attr Name="UsedIn" Val="synthesis"/>
        <Attr Name="UsedIn" Val="implementation"/>
        <Attr Name="UsedIn" Val="simulation"/>
      </FileInfo>
    </File>
    <File Path="$PSRCDIR/sources_1/imports/SevSeg_SV/BCD.sv">
      <FileInfo>
        <Attr Name="ImportPath" Val="$PPRDIR/../../OneDrive - Cal Poly/Desktop/DATA/CPE233/Hardware/SevSeg_SV/BCD.sv"/>
        <Attr Name="ImportTime" Val="1708976146"/>
        <Attr Name="UsedIn" Val="synthesis"/>
        <Attr Name="UsedIn" Val="implementation"/>
        <Attr Name="UsedIn" Val="simulation"/>
      </FileInfo>
    </File>
    <File Path="$PSRCDIR/sources_1/imports/Hardware/OTTER_MCU/OTTER_MCU.srcs/sources_1/imports/Hardware/Branch_Addr_Gen/Branch_Addr_Gen.srcs/sources_1/new/Branch_Address_Generator.sv">
      <FileInfo>
        <Attr Name="ImportPath" Val="$PPRDIR/../../OneDrive - Cal Poly/Desktop/DATA/CPE233/Hardware/OTTER_MCU/OTTER_MCU.srcs/sources_1/imports/Hardware/Branch_Addr_Gen/Branch_Addr_Gen.srcs/sources_1/new/Branch_Address_Generator.sv"/>
        <Attr Name="ImportTime" Val="1707548453"/>
        <Attr Name="UsedIn" Val="synthesis"/>
        <Attr Name="UsedIn" Val="implementation"/>
        <Attr Name="UsedIn" Val="simulation"/>
      </FileInfo>
    </File>
    <File Path="$PSRCDIR/sources_1/imports/Hardware/OTTER_MCU/OTTER_MCU.srcs/sources_1/imports/Hardware/Branch_Cond_Gen/Branch_Cond_Gen.srcs/sources_1/new/Branch_Condition_Generator.sv">
      <FileInfo>
        <Attr Name="ImportPath" Val="$PPRDIR/../../OneDrive - Cal Poly/Desktop/DATA/CPE233/Hardware/OTTER_MCU/OTTER_MCU.srcs/sources_1/imports/Hardware/Branch_Cond_Gen/Branch_Cond_Gen.srcs/sources_1/new/Branch_Condition_Generator.sv"/>
        <Attr Name="ImportTime" Val="1707552839"/>
        <Attr Name="UsedIn" Val="synthesis"/>
        <Attr Name="UsedIn" Val="implementation"/>
        <Attr Name="UsedIn" Val="simulation"/>
      </FileInfo>
    </File>
    <File Path="$PSRCDIR/sources_1/new/CSR.sv">
      <FileInfo>
        <Attr Name="ImportPath" Val="$PPRDIR/../../OneDrive - Cal Poly/Desktop/DATA/CPE233/Hardware/OTTER_wrapper/OTTER_wrapper.srcs/sources_1/new/CSR.sv"/>
        <Attr Name="ImportTime" Val="1709951093"/>
        <Attr Name="UsedIn" Val="synthesis"/>
        <Attr Name="UsedIn" Val="implementation"/>
        <Attr Name="UsedIn" Val="simulation"/>
      </FileInfo>
    </File>
    <File Path="$PSRCDIR/sources_1/imports/Hardware/OTTER_MCU/OTTER_MCU.srcs/sources_1/imports/Hardware/Control_Unit/Control_Unit.srcs/sources_1/new/CU_Decoder.sv">
      <FileInfo>
        <Attr Name="ImportPath" Val="$PPRDIR/../../OneDrive - Cal Poly/Desktop/DATA/CPE233/Hardware/OTTER_MCU/OTTER_MCU.srcs/sources_1/imports/Hardware/Control_Unit/Control_Unit.srcs/sources_1/new/CU_Decoder.sv"/>
        <Attr Name="ImportTime" Val="1708587496"/>
        <Attr Name="UsedIn" Val="synthesis"/>
        <Attr Name="UsedIn" Val="implementation"/>
        <Attr Name="UsedIn" Val="simulation"/>
      </FileInfo>
    </File>
    <File Path="$PSRCDIR/sources_1/imports/Hardware/OTTER_MCU/OTTER_MCU.srcs/sources_1/imports/Hardware/Control_Unit/Control_Unit.srcs/sources_1/new/CU_FSM.sv">
      <FileInfo>
        <Attr Name="ImportPath" Val="$PPRDIR/../../OneDrive - Cal Poly/Desktop/DATA/CPE233/Hardware/OTTER_MCU/OTTER_MCU.srcs/sources_1/imports/Hardware/Control_Unit/Control_Unit.srcs/sources_1/new/CU_FSM.sv"/>
        <Attr Name="ImportTime" Val="1708587779"/>
        <Attr Name="UsedIn" Val="synthesis"/>
        <Attr Name="UsedIn" Val="implementation"/>
        <Attr Name="UsedIn" Val="simulation"/>
      </FileInfo>
    </File>
    <File Path="$PSRCDIR/sources_1/imports/SevSeg_SV/CathodeDriver.sv">
      <FileInfo>
        <Attr Name="ImportPath" Val="$PPRDIR/../../OneDrive - Cal Poly/Desktop/DATA/CPE233/Hardware/SevSeg_SV/CathodeDriver.sv"/>
        <Attr Name="ImportTime" Val="1708976146"/>
        <Attr Name="UsedIn" Val="synthesis"/>
        <Attr Name="UsedIn" Val="implementation"/>
        <Attr Name="UsedIn" Val="simulation"/>
      </FileInfo>
    </File>
    <File Path="$PSRCDIR/sources_1/imports/OTTER_wrapper/Debouncer.sv">
      <FileInfo>
        <Attr Name="ImportPath" Val="$PPRDIR/../../OneDrive - Cal Poly/Desktop/DATA/CPE233/Hardware/OTTER_wrapper/Debouncer.sv"/>
        <Attr Name="ImportTime" Val="1709891106"/>
        <Attr Name="UsedIn" Val="synthesis"/>
        <Attr Name="UsedIn" Val="implementation"/>
        <Attr Name="UsedIn" Val="simulation"/>
      </FileInfo>
    </File>
    <File Path="$PSRCDIR/sources_1/imports/Hardware/OTTER_MCU/OTTER_MCU.srcs/sources_1/imports/Hardware/Immediate Generator/Immediate Generator.srcs/sources_1/new/Immed_Gen.sv">
      <FileInfo>
        <Attr Name="ImportPath" Val="$PPRDIR/../../OneDrive - Cal Poly/Desktop/DATA/CPE233/Hardware/OTTER_MCU/OTTER_MCU.srcs/sources_1/imports/Hardware/Immediate Generator/Immediate Generator.srcs/sources_1/new/Immed_Gen.sv"/>
        <Attr Name="ImportTime" Val="1706849053"/>
        <Attr Name="UsedIn" Val="synthesis"/>
        <Attr Name="UsedIn" Val="implementation"/>
        <Attr Name="UsedIn" Val="simulation"/>
      </FileInfo>
    </File>
    <File Path="$PPRDIR/../../OneDrive - Cal Poly/Desktop/DATA/CPE233/Hardware/OTTER_wrapper/OTTER_wrapper.srcs/sources_1/imports/Hardware/OTTER_MCU/OTTER_MCU.srcs/sources_1/imports/Hardware/Program Counter/Program Counter.srcs/sources_1/imports/CPE133/Lab3/Lab3.srcs/sources_1/new/MUX.sv">
      <FileInfo>
        <Attr Name="ImportPath" Val="$PPRDIR/../../OneDrive - Cal Poly/Desktop/DATA/CPE233/Hardware/OTTER_MCU/OTTER_MCU.srcs/sources_1/imports/Hardware/Program Counter/Program Counter.srcs/sources_1/imports/CPE133/Lab3/Lab3.srcs/sources_1/new/MUX.sv"/>
        <Attr Name="ImportTime" Val="1705733218"/>
        <Attr Name="UsedIn" Val="synthesis"/>
        <Attr Name="UsedIn" Val="implementation"/>
        <Attr Name="UsedIn" Val="simulation"/>
      </FileInfo>
    </File>
    <File Path="$PSRCDIR/sources_1/imports/Hardware/OTTER_MCU/OTTER_MCU.srcs/sources_1/new/OTTER_MCU.sv">
      <FileInfo>
        <Attr Name="ImportPath" Val="$PPRDIR/../../OneDrive - Cal Poly/Desktop/DATA/CPE233/Hardware/OTTER_MCU/OTTER_MCU.srcs/sources_1/new/OTTER_MCU.sv"/>
        <Attr Name="ImportTime" Val="1708588244"/>
        <Attr Name="UsedIn" Val="synthesis"/>
        <Attr Name="UsedIn" Val="implementation"/>
        <Attr Name="UsedIn" Val="simulation"/>
      </FileInfo>
    </File>
    <File Path="$PSRCDIR/sources_1/imports/Hardware/OTTER_MCU/OTTER_MCU.srcs/sources_1/imports/Hardware/Program Counter/Program Counter.srcs/sources_1/new/PCregister.sv">
      <FileInfo>
        <Attr Name="ImportPath" Val="$PPRDIR/../../OneDrive - Cal Poly/Desktop/DATA/CPE233/Hardware/OTTER_MCU/OTTER_MCU.srcs/sources_1/imports/Hardware/Program Counter/Program Counter.srcs/sources_1/new/PCregister.sv"/>
        <Attr Name="ImportTime" Val="1705726814"/>
        <Attr Name="UsedIn" Val="synthesis"/>
        <Attr Name="UsedIn" Val="implementation"/>
        <Attr Name="UsedIn" Val="simulation"/>
      </FileInfo>
    </File>
    <File Path="$PSRCDIR/sources_1/imports/Hardware/OTTER_MCU/OTTER_MCU.srcs/sources_1/imports/Hardware/Program Counter/Program Counter.srcs/sources_1/new/ProgramCounter.sv">
      <FileInfo>
        <Attr Name="ImportPath" Val="$PPRDIR/../../OneDrive - Cal Poly/Desktop/DATA/CPE233/Hardware/OTTER_MCU/OTTER_MCU.srcs/sources_1/imports/Hardware/Program Counter/Program Counter.srcs/sources_1/new/ProgramCounter.sv"/>
        <Attr Name="ImportTime" Val="1708566824"/>
        <Attr Name="UsedIn" Val="synthesis"/>
        <Attr Name="UsedIn" Val="implementation"/>
        <Attr Name="UsedIn" Val="simulation"/>
      </FileInfo>
    </File>
    <File Path="$PSRCDIR/sources_1/imports/Hardware/OTTER_MCU/OTTER_MCU.srcs/sources_1/new/RF_MUX.sv">
      <FileInfo>
        <Attr Name="ImportPath" Val="$PPRDIR/../../OneDrive - Cal Poly/Desktop/DATA/CPE233/Hardware/OTTER_MCU/OTTER_MCU.srcs/sources_1/new/RF_MUX.sv"/>
        <Attr Name="ImportTime" Val="1708579977"/>
        <Attr Name="UsedIn" Val="synthesis"/>
        <Attr Name="UsedIn" Val="implementation"/>
        <Attr Name="UsedIn" Val="simulation"/>
      </FileInfo>
    </File>
    <File Path="$PSRCDIR/sources_1/imports/Hardware/OTTER_MCU/OTTER_MCU.srcs/sources_1/imports/Hardware/RegFile/RegFile.srcs/sources_1/new/RegFile.sv">
      <FileInfo>
        <Attr Name="ImportPath" Val="$PPRDIR/../../OneDrive - Cal Poly/Desktop/DATA/CPE233/Hardware/OTTER_MCU/OTTER_MCU.srcs/sources_1/imports/Hardware/RegFile/RegFile.srcs/sources_1/new/RegFile.sv"/>
        <Attr Name="ImportTime" Val="1706319112"/>
        <Attr Name="UsedIn" Val="synthesis"/>
        <Attr Name="UsedIn" Val="implementation"/>
        <Attr Name="UsedIn" Val="simulation"/>
      </FileInfo>
    </File>
    <File Path="$PSRCDIR/sources_1/imports/SevSeg_SV/SevSegDisp.sv">
      <FileInfo>
        <Attr Name="ImportPath" Val="$PPRDIR/../../OneDrive - Cal Poly/Desktop/DATA/CPE233/Hardware/SevSeg_SV/SevSegDisp.sv"/>
        <Attr Name="ImportTime" Val="1708976146"/>
        <Attr Name="UsedIn" Val="synthesis"/>
        <Attr Name="UsedIn" Val="implementation"/>
        <Attr Name="UsedIn" Val="simulation"/>
      </FileInfo>
    </File>
    <File Path="$PSRCDIR/sources_1/imports/Hardware/otter_memory_v1_07.sv">
      <FileInfo>
        <Attr Name="ImportPath" Val="$PPRDIR/../../OneDrive - Cal Poly/Desktop/DATA/CPE233/Hardware/otter_memory_v1_07.sv"/>
        <Attr Name="ImportTime" Val="1708541682"/>
        <Attr Name="UsedIn" Val="synthesis"/>
        <Attr Name="UsedIn" Val="implementation"/>
        <Attr Name="UsedIn" Val="simulation"/>
      </FileInfo>
    </File>
    <File Path="$PSRCDIR/sources_1/imports/Hardware/OTTER_Wrapper_v1_02.sv">
      <FileInfo>
        <Attr Name="ImportPath" Val="$PPRDIR/../../OneDrive - Cal Poly/Desktop/DATA/CPE233/Hardware/OTTER_Wrapper_v1_02.sv"/>
        <Attr Name="ImportTime" Val="1708973221"/>
        <Attr Name="UsedIn" Val="synthesis"/>
        <Attr Name="UsedIn" Val="implementation"/>
        <Attr Name="UsedIn" Val="simulation"/>
      </FileInfo>
    </File>
    <File Path="$PSRCDIR/sources_1/imports/Hardware/Test_All.mem">
      <FileInfo>
        <Attr Name="ImportPath" Val="$PPRDIR/../../OneDrive - Cal Poly/Desktop/DATA/CPE233/Hardware/Test_All.mem"/>
        <Attr Name="ImportTime" Val="1708973297"/>
        <Attr Name="UsedIn" Val="synthesis"/>
        <Attr Name="UsedIn" Val="simulation"/>
      </FileInfo>
    </File>
    <File Path="$PSRCDIR/sources_1/imports/OTTER_wrapper/inter_test.mem">
      <FileInfo>
        <Attr Name="ImportPath" Val="$PPRDIR/../../OneDrive - Cal Poly/Desktop/DATA/CPE233/Hardware/OTTER_wrapper/inter_test.mem"/>
        <Attr Name="ImportTime" Val="1709891828"/>
        <Attr Name="UsedIn" Val="synthesis"/>
        <Attr Name="UsedIn" Val="simulation"/>
      </FileInfo>
    </File>
    <Config>
      <Option Name="DesignMode" Val="RTL"/>
      <Option Name="TopModule" Val="OTTER_Wrapper"/>
      <Option Name="TopAutoSet" Val="TRUE"/>
    </Config>
  </FileSet>
  <FileSet Name="constrs_in" Type="Constrs" RelSrcDir="$PSRCDIR/constrs_1">
    <Filter Type="Constrs"/>
    <File Path="$PSRCDIR/constrs_1/imports/CPE133/Basys3_constraints.xdc">
      <FileInfo>
        <Attr Name="ImportPath" Val="$PPRDIR/../../OneDrive - Cal Poly/Desktop/DATA/CPE233/Hardware/OTTER_wrapper/OTTER_wrapper.srcs/constrs_1/imports/CPE133/Basys3_constraints.xdc"/>
        <Attr Name="ImportTime" Val="1709946690"/>
        <Attr Name="UsedIn" Val="synthesis"/>
        <Attr Name="UsedIn" Val="implementation"/>
      </FileInfo>
    </File>
    <File Path="$PSRCDIR/constrs_1/imports/Desktop/Ryan_constraints.xdc">
      <FileInfo>
        <Attr Name="UserDisabled" Val="1"/>
        <Attr Name="ImportPath" Val="$PPRDIR/../../OneDrive - Cal Poly/Desktop/DATA/Ryan_constraints.xdc"/>
        <Attr Name="ImportTime" Val="1709354887"/>
        <Attr Name="UsedIn" Val="synthesis"/>
        <Attr Name="UsedIn" Val="implementation"/>
      </FileInfo>
    </File>
    <Config>
      <Option Name="ConstrsType" Val="XDC"/>
    </Config>
  </FileSet>
  <FileSet Name="utils" Type="Utils" RelSrcDir="$PSRCDIR/utils_1">
    <Filter Type="Utils"/>
    <File Path="$PSRCDIR/utils_1/imports/synth_1/OTTER_Wrapper.dcp">
      <FileInfo>
        <Attr Name="ImportPath" Val="$PPRDIR/../../OneDrive - Cal Poly/Desktop/DATA/CPE233/Hardware/OTTER_wrapper/OTTER_wrapper.srcs/utils_1/imports/synth_1/OTTER_Wrapper.dcp"/>
        <Attr Name="ImportTime" Val="1710051326"/>
        <Attr Name="UsedIn" Val="synthesis"/>
        <Attr Name="UsedIn" Val="implementation"/>
        <Attr Name="UsedInSteps" Val="synth_1"/>
        <Attr Name="AutoDcp" Val="1"/>
      </FileInfo>
    </File>
    <Config>
      <Option Name="TopAutoSet" Val="TRUE"/>
    </Config>
  </FileSet>
  <Strategy Version="1" Minor="2">
    <StratHandle Name="Vivado Synthesis Defaults" Flow="Vivado Synthesis 2022"/>
    <Step Id="synth_design"/>
  </Strategy>
</GenRun>
